Workbook

Sheet Summary
A1: MasterKraft — product data gaps
A2: Missing features, weights and carton dimensions. Generated 25 August 2026 from the committed catalogue snapshot.
A4: THE SET
A5: Products in this workbook (listable) | B5: =COUNTA(Products!A2:A284) | C5: Everything published in WooCommerce that is not hidden and not retired in Unleashed. 512 published products reduce to this.
A6: Of those, served to customers | B6: =COUNTIF(Products!D2:D284,"Yes") | C6: Passes the brand-SKU rules as well, so it is what actually appears on the site. Work on these first; the rest are not shown to anyone.
A8: GAPS, SERVED PRODUCTS ONLY
A9: Missing features | B9: =COUNTIFS(Products!D2:D284,"Yes",Products!F2:F284,"No") | C9: No feature bullets, so the product page shows none. Content job.
A10: Missing weight | B10: =COUNTIFS(Products!D2:D284,"Yes",Products!G2:G284,"") | C10: Blocks any automated freight quote.
A11: Missing dimensions | B11: =SUMPRODUCT((Products!D2:D284="Yes")*(((Products!H2:H284="")+(Products!I2:I284="")+(Products!J2:J284=""))>0)) | C11: Blocks any automated freight quote. Carton, not assembled size. Counts a product missing ANY of length, width or height - 28 carry only some of the three.
A12: Missing at least one of the three | B12: =COUNTIFS(Products!D2:D284,"Yes",Products!K2:K284,"?*") | C12: The real size of the job.
A14: FREIGHT IMPACT, SERVED PRODUCTS
A15: Quotable by Australia Post today | B15: =COUNTIFS(Products!D2:D284,"Yes",Products!L2:L284,"Yes") | C15: Within 22kg, 105cm longest side and 0.25 cubic metres.
A16: Too big for Australia Post | B16: =COUNTIFS(Products!D2:D284,"Yes",Products!L2:L284,"Too big") | C16: Racks, rigs, machines and benches. Pallet freight, and always were. Filling in data will not change these.
A17: Cannot be assessed, no data | B17: =COUNTIFS(Products!D2:D284,"Yes",Products!L2:L284,"No data") | C17: THIS is the number that filling in weights and dimensions moves.
A19: HOW TO USE THIS
A20: Each row is one product. Filter the Products tab on "Served = Yes" and "What is missing" not blank. Edit in WordPress: Products → the product → Inventory/Shipping for weight and dimensions, and the ACF features fields for feature bullets. Dimensions are the SHIPPING CARTON in centimetres, not the assembled size, and weight is the carton weight in kilograms. The two right-hand columns are formulas: they recalculate as you fill cells in, so this workbook can be used to track progress. Everything else is data as it stood when the file was generated.
A23: ONE PRODUCT NEEDS CORRECTING, NOT FILLING
A24: ABPBSB04 (Plyometric Foam Stacker Box - 12") is recorded as 850 x 1000 x 305 cm, which is 259 cubic metres. That is millimetres typed into a centimetre field. It is highlighted on the Products tab.

Sheet Products
A1: SKU | B1: Product | C1: Category | D1: Served | E1: Clearance | F1: Features | G1: Weight (kg) | H1: Length (cm) | I1: Width (cm) | J1: Height (cm) | K1: What is missing | L1: AusPost quotable | M1: Page
A2: ABCTDR01 | B2: Drop In Core Trainer | C2: Body Weight | D2: Yes | E2: Yes | F2: Yes | G2: 3 | H2: 43 | I2: 8 | J2: 8 | K2: =TRIM(IF(F2="No","Features ","")&IF(G2="","Weight ","")&IF(OR(H2="",I2="",J2="")," Dimensions","")) | L2: =IF(OR(G2="",H2="",I2="",J2=""),"No data",IF(AND(G2<=22,MAX(H2:J2)<=105,(H2*I2*J2)/1000000<=0.25),"Yes","Too big")) | M2: /product/drop-in-core-trainer
A3: ABCTFS02 | B3: Core Trainer (Landmine) With T Bar Handle | C3: Body Weight | D3: Yes | E3: Yes | F3: No | G3: 17 | H3: 42 | I3: 17 | J3: 59 | K3: =TRIM(IF(F3="No","Features ","")&IF(G3="","Weight ","")&IF(OR(H3="",I3="",J3="")," Dimensions","")) | L3: =IF(OR(G3="",H3="",I3="",J3=""),"No data",IF(AND(G3<=22,MAX(H3:J3)<=105,(H3*I3*J3)/1000000<=0.25),"Yes","Too big")) | M3: /product/core-trainer-landmine-with-t-bar-handle-2
A4: ABEMMA01 | B4: EVA Exercise Mat | C4: Body Weight | D4: Yes | E4: Yes | F4: No | G4: 3 | H4: 140 | I4: 62 | J4: 1.6 | K4: =TRIM(IF(F4="No","Features ","")&IF(G4="","Weight ","")&IF(OR(H4="",I4="",J4="")," Dimensions","")) | L4: =IF(OR(G4="",H4="",I4="",J4=""),"No data",IF(AND(G4<=22,MAX(H4:J4)<=105,(H4*I4*J4)/1000000<=0.25),"Yes","Too big")) | M4: /product/eva-exercise-mat
A5: ABPBMS-01-1 | B5: Plyometric Box 45cm | C5: Body Weight | D5: Yes | E5: Yes | F5: No | G5: 9 | H5: 44 | I5: 44 | J5: 47 | K5: =TRIM(IF(F5="No","Features ","")&IF(G5="","Weight ","")&IF(OR(H5="",I5="",J5="")," Dimensions","")) | L5: =IF(OR(G5="",H5="",I5="",J5=""),"No data",IF(AND(G5<=22,MAX(H5:J5)<=105,(H5*I5*J5)/1000000<=0.25),"Yes","Too big")) | M5: /product/plyometric-box-45cm
A6: ABPBSB-06 | B6: Plyometric Foam Stacker Box- 24" | C6: Body Weight | D6: Yes | E6: Yes | F6: Yes | G6: 13 | H6: 85 | I6: 100 | J6: 30.5 | K6: =TRIM(IF(F6="No","Features ","")&IF(G6="","Weight ","")&IF(OR(H6="",I6="",J6="")," Dimensions","")) | L6: =IF(OR(G6="",H6="",I6="",J6=""),"No data",IF(AND(G6<=22,MAX(H6:J6)<=105,(H6*I6*J6)/1000000<=0.25),"Yes","Too big")) | M6: /product/plyometric-foam-stacker-box-24
A7: ABPBSB04 | B7: Plyometric Foam Stacker Box- 12" | C7: Body Weight | D7: Yes | E7: Yes | F7: Yes | G7: 13 | H7: 850 | I7: 1000 | J7: 305 | K7: =TRIM(IF(F7="No","Features ","")&IF(G7="","Weight ","")&IF(OR(H7="",I7="",J7="")," Dimensions","")) | L7: =IF(OR(G7="",H7="",I7="",J7=""),"No data",IF(AND(G7<=22,MAX(H7:J7)<=105,(H7*I7*J7)/1000000<=0.25),"Yes","Too big")) | M7: /product/foam-plyometric-box-alt-v
A8: ABRPBA01 | B8: Knitted Resistance Bands (Set of 3) | C8: Body Weight | D8: Yes | E8: Yes | F8: No | G8: 1 | H8: 34 | I8: 24 | J8: 2 | K8: =TRIM(IF(F8="No","Features ","")&IF(G8="","Weight ","")&IF(OR(H8="",I8="",J8="")," Dimensions","")) | L8: =IF(OR(G8="",H8="",I8="",J8=""),"No data",IF(AND(G8<=22,MAX(H8:J8)<=105,(H8*I8*J8)/1000000<=0.25),"Yes","Too big")) | M8: /product/knitted-resistance-bands-set-of-3-2
A9: ABRPPO | B9: Power Bands | C9: Body Weight | D9: Yes | E9: Yes | F9: No | K9: =TRIM(IF(F9="No","Features ","")&IF(G9="","Weight ","")&IF(OR(H9="",I9="",J9="")," Dimensions","")) | L9: =IF(OR(G9="",H9="",I9="",J9=""),"No data",IF(AND(G9<=22,MAX(H9:J9)<=105,(H9*I9*J9)/1000000<=0.25),"Yes","Too big")) | M9: /product/power-bands-alt-v
A10: ABSADI01 | B10: Mini Disc Cones (Set of 50) | C10: Body Weight | D10: Yes | E10: Yes | F10: No | G10: 2 | H10: 15 | I10: 15 | J10: 15 | K10: =TRIM(IF(F10="No","Features ","")&IF(G10="","Weight ","")&IF(OR(H10="",I10="",J10="")," Dimensions","")) | L10: =IF(OR(G10="",H10="",I10="",J10=""),"No data",IF(AND(G10<=22,MAX(H10:J10)<=105,(H10*I10*J10)/1000000<=0.25),"Yes","Too big")) | M10: /product/mini-disc-cones-set-of-50-2
A11: ABSADO01 | B11: Station Markers (Set of 96) - Numbers | C11: Body Weight | D11: Yes | E11: Yes | F11: No | K11: =TRIM(IF(F11="No","Features ","")&IF(G11="","Weight ","")&IF(OR(H11="",I11="",J11="")," Dimensions","")) | L11: =IF(OR(G11="",H11="",I11="",J11=""),"No data",IF(AND(G11<=22,MAX(H11:J11)<=105,(H11*I11*J11)/1000000<=0.25),"Yes","Too big")) | M11: /product/station-markers-set-of-96-numbers
A12: ABSADO02 | B12: Station Markers (Set of 15) - Boost | C12: Body Weight | D12: Yes | E12: Yes | F12: No | K12: =TRIM(IF(F12="No","Features ","")&IF(G12="","Weight ","")&IF(OR(H12="",I12="",J12="")," Dimensions","")) | L12: =IF(OR(G12="",H12="",I12="",J12=""),"No data",IF(AND(G12<=22,MAX(H12:J12)<=105,(H12*I12*J12)/1000000<=0.25),"Yes","Too big")) | M12: /product/station-markers-set-of-15-boost
A13: ABSADO03 | B13: Station Markers (Set of 15) - Rep | C13: Body Weight | D13: Yes | E13: Yes | F13: No | K13: =TRIM(IF(F13="No","Features ","")&IF(G13="","Weight ","")&IF(OR(H13="",I13="",J13="")," Dimensions","")) | L13: =IF(OR(G13="",H13="",I13="",J13=""),"No data",IF(AND(G13<=22,MAX(H13:J13)<=105,(H13*I13*J13)/1000000<=0.25),"Yes","Too big")) | M13: /product/station-markers-set-of-15-rep
A14: ABSADO04 | B14: Station Markers (Set of 15) - Neural | C14: Body Weight | D14: Yes | E14: Yes | F14: No | K14: =TRIM(IF(F14="No","Features ","")&IF(G14="","Weight ","")&IF(OR(H14="",I14="",J14="")," Dimensions","")) | L14: =IF(OR(G14="",H14="",I14="",J14=""),"No data",IF(AND(G14<=22,MAX(H14:J14)<=105,(H14*I14*J14)/1000000<=0.25),"Yes","Too big")) | M14: /product/station-markers-set-of-15-neural
A15: ABSADO05 | B15: Station Markers (Set of 15) - Form | C15: Body Weight | D15: Yes | E15: Yes | F15: No | K15: =TRIM(IF(F15="No","Features ","")&IF(G15="","Weight ","")&IF(OR(H15="",I15="",J15="")," Dimensions","")) | L15: =IF(OR(G15="",H15="",I15="",J15=""),"No data",IF(AND(G15<=22,MAX(H15:J15)<=105,(H15*I15*J15)/1000000<=0.25),"Yes","Too big")) | M15: /product/station-markers-set-of-15-form
A16: ABSADO06 | B16: Station Markers (Set of 15) - Hero | C16: Body Weight | D16: Yes | E16: Yes | F16: No | K16: =TRIM(IF(F16="No","Features ","")&IF(G16="","Weight ","")&IF(OR(H16="",I16="",J16="")," Dimensions","")) | L16: =IF(OR(G16="",H16="",I16="",J16=""),"No data",IF(AND(G16<=22,MAX(H16:J16)<=105,(H16*I16*J16)/1000000<=0.25),"Yes","Too big")) | M16: /product/station-markers-set-of-15-hero
A17: ABSADO07 | B17: Station Markers (Set of 15) - Functional | C17: Body Weight | D17: Yes | E17: Yes | F17: No | K17: =TRIM(IF(F17="No","Features ","")&IF(G17="","Weight ","")&IF(OR(H17="",I17="",J17="")," Dimensions","")) | L17: =IF(OR(G17="",H17="",I17="",J17=""),"No data",IF(AND(G17<=22,MAX(H17:J17)<=105,(H17*I17*J17)/1000000<=0.25),"Yes","Too big")) | M17: /product/station-markers-set-of-15-functional
A18: ABSADO08 | B18: Station Markers (Set of 15) - Sherpa | C18: Body Weight | D18: Yes | E18: Yes | F18: No | K18: =TRIM(IF(F18="No","Features ","")&IF(G18="","Weight ","")&IF(OR(H18="",I18="",J18="")," Dimensions","")) | L18: =IF(OR(G18="",H18="",I18="",J18=""),"No data",IF(AND(G18<=22,MAX(H18:J18)<=105,(H18*I18*J18)/1000000<=0.25),"Yes","Too big")) | M18: /product/station-markers-set-of-15-sherpa
A19: ABSUTR01 | B19: Suspension Trainer | C19: Body Weight | D19: Yes | E19: Yes | F19: No | G19: 6 | H19: 23 | I19: 23 | J19: 9 | K19: =TRIM(IF(F19="No","Features ","")&IF(G19="","Weight ","")&IF(OR(H19="",I19="",J19="")," Dimensions","")) | L19: =IF(OR(G19="",H19="",I19="",J19=""),"No data",IF(AND(G19<=22,MAX(H19:J19)<=105,(H19*I19*J19)/1000000<=0.25),"Yes","Too big")) | M19: /product/suspension-trainer
A20: MBASADJ-GROUP | B20: Group Fitness Step | C20: Body Weight | D20: Yes | F20: Yes | G20: 18 | H20: 44.5 | I20: 44.5 | J20: 37 | K20: =TRIM(IF(F20="No","Features ","")&IF(G20="","Weight ","")&IF(OR(H20="",I20="",J20="")," Dimensions","")) | L20: =IF(OR(G20="",H20="",I20="",J20=""),"No data",IF(AND(G20<=22,MAX(H20:J20)<=105,(H20*I20*J20)/1000000<=0.25),"Yes","Too big")) | M20: /product/group-fitness-step
A21: MBASADJ01 | B21: Group Fitness Step (Adjustable) | C21: Body Weight | D21: Yes | F21: No | G21: 13 | H21: 120 | I21: 31 | J21: 20 | K21: =TRIM(IF(F21="No","Features ","")&IF(G21="","Weight ","")&IF(OR(H21="",I21="",J21="")," Dimensions","")) | L21: =IF(OR(G21="",H21="",I21="",J21=""),"No data",IF(AND(G21<=22,MAX(H21:J21)<=105,(H21*I21*J21)/1000000<=0.25),"Yes","Too big")) | M21: /product/group-fitness-step-adjustable
A22: MBBSCU01 | B22: Balance Cushion | C22: Body Weight | D22: Yes | F22: No | G22: 3 | H22: 33 | I22: 33 | J22: 6 | K22: =TRIM(IF(F22="No","Features ","")&IF(G22="","Weight ","")&IF(OR(H22="",I22="",J22="")," Dimensions","")) | L22: =IF(OR(G22="",H22="",I22="",J22=""),"No data",IF(AND(G22<=22,MAX(H22:J22)<=105,(H22*I22*J22)/1000000<=0.25),"Yes","Too big")) | M22: /product/balance-cushion
A23: MBBSTR01 | B23: Fitness &amp; Balance Trainer | C23: Body Weight | D23: Yes | F23: No | G23: 8 | H23: 6.6 | I23: 6.6 | J23: 0.9 | K23: =TRIM(IF(F23="No","Features ","")&IF(G23="","Weight ","")&IF(OR(H23="",I23="",J23="")," Dimensions","")) | L23: =IF(OR(G23="",H23="",I23="",J23=""),"No data",IF(AND(G23<=22,MAX(H23:J23)<=105,(H23*I23*J23)/1000000<=0.25),"Yes","Too big")) | M23: /product/fitness-balance-trainer
A24: MBCTACC01 | B24: Utility Roller | C24: Body Weight | D24: Yes | F24: Yes | G24: 10 | H24: 68 | I24: 34.5 | J24: 8.5 | K24: =TRIM(IF(F24="No","Features ","")&IF(G24="","Weight ","")&IF(OR(H24="",I24="",J24="")," Dimensions","")) | L24: =IF(OR(G24="",H24="",I24="",J24=""),"No data",IF(AND(G24<=22,MAX(H24:J24)<=105,(H24*I24*J24)/1000000<=0.25),"Yes","Too big")) | M24: /product/utility-roller
A25: MBCTDI01 | B25: Exercise Glider Discs (Pair) | C25: Body Weight | D25: Yes | F25: Yes | G25: 1 | H25: 20 | I25: 22 | J25: 10 | K25: =TRIM(IF(F25="No","Features ","")&IF(G25="","Weight ","")&IF(OR(H25="",I25="",J25="")," Dimensions","")) | L25: =IF(OR(G25="",H25="",I25="",J25=""),"No data",IF(AND(G25<=22,MAX(H25:J25)<=105,(H25*I25*J25)/1000000<=0.25),"Yes","Too big")) | M25: /product/exercise-glider-discs-pair
A26: MBCTDR01 | B26: Drop In Core Trainer | C26: Body Weight | D26: Yes | F26: No | G26: 3 | H26: 43 | I26: 8 | J26: 8 | K26: =TRIM(IF(F26="No","Features ","")&IF(G26="","Weight ","")&IF(OR(H26="",I26="",J26="")," Dimensions","")) | L26: =IF(OR(G26="",H26="",I26="",J26=""),"No data",IF(AND(G26<=22,MAX(H26:J26)<=105,(H26*I26*J26)/1000000<=0.25),"Yes","Too big")) | M26: /product/drop-in-core-trainer-2
A27: MBCTFS02 | B27: Core Trainer (Landmine) With T Bar Handle | C27: Body Weight | D27: Yes | F27: Yes | G27: 17 | H27: 42 | I27: 17 | J27: 59 | K27: =TRIM(IF(F27="No","Features ","")&IF(G27="","Weight ","")&IF(OR(H27="",I27="",J27="")," Dimensions","")) | L27: =IF(OR(G27="",H27="",I27="",J27=""),"No data",IF(AND(G27<=22,MAX(H27:J27)<=105,(H27*I27*J27)/1000000<=0.25),"Yes","Too big")) | M27: /product/core-trainer-landmine-with-t-bar-handle
A28: MBCTMA01 | B28: Abdominal Mat | C28: Body Weight | D28: Yes | F28: Yes | G28: 1 | H28: 38 | I28: 30 | J28: 6 | K28: =TRIM(IF(F28="No","Features ","")&IF(G28="","Weight ","")&IF(OR(H28="",I28="",J28="")," Dimensions","")) | L28: =IF(OR(G28="",H28="",I28="",J28=""),"No data",IF(AND(G28<=22,MAX(H28:J28)<=105,(H28*I28*J28)/1000000<=0.25),"Yes","Too big")) | M28: /product/abdominal-mat
A29: MBCTWH01 | B29: Abdominal Wheel | C29: Body Weight | D29: Yes | F29: No | G29: 3 | H29: 26 | I29: 20 | J29: 9.5 | K29: =TRIM(IF(F29="No","Features ","")&IF(G29="","Weight ","")&IF(OR(H29="",I29="",J29="")," Dimensions","")) | L29: =IF(OR(G29="",H29="",I29="",J29=""),"No data",IF(AND(G29<=22,MAX(H29:J29)<=105,(H29*I29*J29)/1000000<=0.25),"Yes","Too big")) | M29: /product/abdominal-wheel
A30: MBEMMA01 | B30: EVA Exercise Mat | C30: Body Weight | D30: Yes | F30: No | G30: 3 | H30: 140 | I30: 62 | J30: 1.6 | K30: =TRIM(IF(F30="No","Features ","")&IF(G30="","Weight ","")&IF(OR(H30="",I30="",J30="")," Dimensions","")) | L30: =IF(OR(G30="",H30="",I30="",J30=""),"No data",IF(AND(G30<=22,MAX(H30:J30)<=105,(H30*I30*J30)/1000000<=0.25),"Yes","Too big")) | M30: /product/eva-exercise-mat-2
A31: MBGYRI01 | B31: Gymnastic Rings (Wooden) | C31: Body Weight | D31: Yes | F31: Yes | G31: 2 | H31: 26 | I31: 26 | J31: 7 | K31: =TRIM(IF(F31="No","Features ","")&IF(G31="","Weight ","")&IF(OR(H31="",I31="",J31="")," Dimensions","")) | L31: =IF(OR(G31="",H31="",I31="",J31=""),"No data",IF(AND(G31<=22,MAX(H31:J31)<=105,(H31*I31*J31)/1000000<=0.25),"Yes","Too big")) | M31: /product/gymnastic-rings-wooden-2
... A54: MCRWAR03 | B54: Air Rower Elite | C54: Cardio | D54: Yes | F54: Yes | G54: 51 | H54: 146 | I54: 66 | J54: 38 | K54: =TRIM(IF(F54="No","Features ","")&IF(G54="","Weight ","")&IF(OR(H54="",I54="",J54="")," Dimensions","")) | L54: =IF(OR(G54="",H54="",I54="",J54=""),"No data",IF(AND(G54<=22,MAX(H54:J54)<=105,(H54*I54*J54)/1000000<=0.25),"Yes","Too big")) | M54: /product/air-rower-elite
A55: MCSTACC01 | B55: Ski Trainer Floor Stand | C55: Cardio | D55: Yes | F55: Yes | K55: =TRIM(IF(F55="No","Features ","")&IF(G55="","Weight ","")&IF(OR(H55="",I55="",J55="")," Dimensions","")) | L55: =IF(OR(G55="",H55="",I55="",J55=""),"No data",IF(AND(G55<=22,MAX(H55:J55)<=105,(H55*I55*J55)/1000000<=0.25),"Yes","Too big")) | M55: /product/ski-trainer-floor-stand-2
A56: MCSTACC02 | B56: Ski Trainer Wall Mount Bracket | C56: Cardio | D56: Yes | F56: Yes | G56: 2 | H56: 25 | I56: 12.5 | J56: 5 | K56: =TRIM(IF(F56="No","Features ","")&IF(G56="","Weight ","")&IF(OR(H56="",I56="",J56="")," Dimensions","")) | L56: =IF(OR(G56="",H56="",I56="",J56=""),"No data",IF(AND(G56<=22,MAX(H56:J56)<=105,(H56*I56*J56)/1000000<=0.25),"Yes","Too big")) | M56: /product/ski-trainer-wall-mount-bracket-2
A57: MCSTAR01 | B57: Ski Trainer Pro | C57: Cardio | D57: Yes | F57: Yes | G57: 49 | H57: 118 | I57: 61 | J57: 47 | K57: =TRIM(IF(F57="No","Features ","")&IF(G57="","Weight ","")&IF(OR(H57="",I57="",J57="")," Dimensions","")) | L57: =IF(OR(G57="",H57="",I57="",J57=""),"No data",IF(AND(G57<=22,MAX(H57:J57)<=105,(H57*I57*J57)/1000000<=0.25),"Yes","Too big")) | M57: /product/ski-trainer-pro
A58: MCSTAR02 | B58: Ski Trainer Elite | C58: Cardio | D58: Yes | F58: Yes | G58: 53 | H58: 118 | I58: 61 | J58: 47 | K58: =TRIM(IF(F58="No","Features ","")&IF(G58="","Weight ","")&IF(OR(H58="",I58="",J58="")," Dimensions","")) | L58: =IF(OR(G58="",H58="",I58="",J58=""),"No data",IF(AND(G58<=22,MAX(H58:J58)<=105,(H58*I58*J58)/1000000<=0.25),"Yes","Too big")) | M58: /product/ski-trainer-elite
A59: MCTMSP01 | B59: Curved Treadmill Pro | C59: Cardio | D59: Yes | F59: Yes | G59: 180 | H59: 185 | I59: 91 | J59: 56 | K59: =TRIM(IF(F59="No","Features ","")&IF(G59="","Weight ","")&IF(OR(H59="",I59="",J59="")," Dimensions","")) | L59: =IF(OR(G59="",H59="",I59="",J59=""),"No data",IF(AND(G59<=22,MAX(H59:J59)<=105,(H59*I59*J59)/1000000<=0.25),"Yes","Too big")) | M59: /product/curved-treadmill-pro
A60: MCTMSP02 | B60: Curved Treadmill Elite | C60: Cardio | D60: Yes | F60: Yes | G60: 601 | H60: 185 | I60: 91 | J60: 56 | K60: =TRIM(IF(F60="No","Features ","")&IF(G60="","Weight ","")&IF(OR(H60="",I60="",J60="")," Dimensions","")) | L60: =IF(OR(G60="",H60="",I60="",J60=""),"No data",IF(AND(G60<=22,MAX(H60:J60)<=105,(H60*I60*J60)/1000000<=0.25),"Yes","Too big")) | M60: /product/curved-treadmill-elite-2
A61: SCSTACC04 | B61: C2 Ski Erg Floor Stand | C61: Cardio | D61: Yes | F61: Yes | G61: 17 | H61: 1350 | I61: 660 | K61: =TRIM(IF(F61="No","Features ","")&IF(G61="","Weight ","")&IF(OR(H61="",I61="",J61="")," Dimensions","")) | L61: =IF(OR(G61="",H61="",I61="",J61=""),"No data",IF(AND(G61<=22,MAX(H61:J61)<=105,(H61*I61*J61)/1000000<=0.25),"Yes","Too big")) | M61: /product/c2-ski-erg-floor-stand
A62: SCSTAR03 | B62: C2 Ski Erg PM5 | C62: Cardio | D62: Yes | F62: Yes | G62: 27.5 | H62: 600 | I62: 1270 | K62: =TRIM(IF(F62="No","Features ","")&IF(G62="","Weight ","")&IF(OR(H62="",I62="",J62="")," Dimensions","")) | L62: =IF(OR(G62="",H62="",I62="",J62=""),"No data",IF(AND(G62<=22,MAX(H62:J62)<=105,(H62*I62*J62)/1000000<=0.25),"Yes","Too big")) | M62: /product/c2-ski-erg-pm5
A63: ABRMRL03 | B63: Foam Roller - 45cm (black) | C63: Clearance | D63: Yes | E63: Yes | F63: No | K63: =TRIM(IF(F63="No","Features ","")&IF(G63="","Weight ","")&IF(OR(H63="",I63="",J63="")," Dimensions","")) | L63: =IF(OR(G63="",H63="",I63="",J63=""),"No data",IF(AND(G63<=22,MAX(H63:J63)<=105,(H63*I63*J63)/1000000<=0.25),"Yes","Too big")) | M63: /product/foam-roller-45cm-black
A64: AEFRACC02 | B64: Modular Storage Rack (Kettlebells, Dumbbells) - HD 2 Tier (1.2m) | C64: Equipment Storage | D64: Yes | E64: Yes | F64: No | G64: 95 | H64: 132 | I64: 40.4 | J64: 6 | K64: =TRIM(IF(F64="No","Features ","")&IF(G64="","Weight ","")&IF(OR(H64="",I64="",J64="")," Dimensions","")) | L64: =IF(OR(G64="",H64="",I64="",J64=""),"No data",IF(AND(G64<=22,MAX(H64:J64)<=105,(H64*I64*J64)/1000000<=0.25),"Yes","Too big")) | M64: /product/modular-storage-rack-kettlebells-dumbbells-hd-2-tier-1-2m
A65: AEFRBB01 | B65: Barbell Storage Box (9 Bar Holder) - Versatile | C65: Equipment Storage | D65: Yes | E65: Yes | F65: No | G65: 27 | H65: 46 | I65: 46 | J65: 26 | K65: =TRIM(IF(F65="No","Features ","")&IF(G65="","Weight ","")&IF(OR(H65="",I65="",J65="")," Dimensions","")) | L65: =IF(OR(G65="",H65="",I65="",J65=""),"No data",IF(AND(G65<=22,MAX(H65:J65)<=105,(H65*I65*J65)/1000000<=0.25),"Yes","Too big")) | M65: /product/barbell-storage-box-9-bar-holder-versatile-2
A66: AEFRBL01 | B66: Medicine Ball Rack - 10 Ball (Double Sided) | C66: Equipment Storage | D66: Yes | E66: Yes | F66: No | G66: 14 | H66: 153 | I66: 15 | J66: 15 | K66: =TRIM(IF(F66="No","Features ","")&IF(G66="","Weight ","")&IF(OR(H66="",I66="",J66="")," Dimensions","")) | L66: =IF(OR(G66="",H66="",I66="",J66=""),"No data",IF(AND(G66<=22,MAX(H66:J66)<=105,(H66*I66*J66)/1000000<=0.25),"Yes","Too big")) | M66: /product/medicine-ball-rack-10-ball-double-sided
A67: AEFRDB06 | B67: Vertical Dumbbell Rack - Portable (Four Sided) | C67: Equipment Storage | D67: Yes | E67: Yes | F67: No | G67: 53 | H67: 115 | I67: 56 | J67: 25 | K67: =TRIM(IF(F67="No","Features ","")&IF(G67="","Weight ","")&IF(OR(H67="",I67="",J67="")," Dimensions","")) | L67: =IF(OR(G67="",H67="",I67="",J67=""),"No data",IF(AND(G67<=22,MAX(H67:J67)<=105,(H67*I67*J67)/1000000<=0.25),"Yes","Too big")) | M67: /product/vertical-dumbbell-rack-portable-four-sided
A68: AEWMACC02 | B68: Rope &amp; Band Rack (Wall Mounted) | C68: Equipment Storage | D68: Yes | E68: Yes | F68: No | G68: 4 | H68: 58 | I68: 11 | J68: 11 | K68: =TRIM(IF(F68="No","Features ","")&IF(G68="","Weight ","")&IF(OR(H68="",I68="",J68="")," Dimensions","")) | L68: =IF(OR(G68="",H68="",I68="",J68=""),"No data",IF(AND(G68<=22,MAX(H68:J68)<=105,(H68*I68*J68)/1000000<=0.25),"Yes","Too big")) | M68: /product/rope-band-rack-wall-mounted-2
A69: MEFRACC01 | B69: Modular Storage Rack (Kettlebells, Dumbbells) - HD 2 Tier (1.2m) | C69: Equipment Storage | D69: Yes | F69: No | G69: 95 | H69: 132 | I69: 40.4 | J69: 6 | K69: =TRIM(IF(F69="No","Features ","")&IF(G69="","Weight ","")&IF(OR(H69="",I69="",J69="")," Dimensions","")) | L69: =IF(OR(G69="",H69="",I69="",J69=""),"No data",IF(AND(G69<=22,MAX(H69:J69)<=105,(H69*I69*J69)/1000000<=0.25),"Yes","Too big")) | M69: /product/modular-storage-rack-kettlebells-dumbbells-hd-2-tier-1-2m-2
A70: MEFRACC02 | B70: Modular Storage Rack (Kettlebells, Dumbbells) - HD 2 Tier (2m) | C70: Equipment Storage | D70: Yes | F70: Yes | G70: 95 | H70: 212 | I70: 40.4 | J70: 6 | K70: =TRIM(IF(F70="No","Features ","")&IF(G70="","Weight ","")&IF(OR(H70="",I70="",J70="")," Dimensions","")) | L70: =IF(OR(G70="",H70="",I70="",J70=""),"No data",IF(AND(G70<=22,MAX(H70:J70)<=105,(H70*I70*J70)/1000000<=0.25),"Yes","Too big")) | M70: /product/modular-storage-rack-kettlebells-dumbbells-hd-2-tier-2m
A71: MEFRACC03 | B71: Modular Storage Rack Flat Shelf | C71: Equipment Storage | D71: Yes | F71: Yes | G71: 19 | H71: 160 | I71: 63 | J71: 6.5 | K71: =TRIM(IF(F71="No","Features ","")&IF(G71="","Weight ","")&IF(OR(H71="",I71="",J71="")," Dimensions","")) | L71: =IF(OR(G71="",H71="",I71="",J71=""),"No data",IF(AND(G71<=22,MAX(H71:J71)<=105,(H71*I71*J71)/1000000<=0.25),"Yes","Too big")) | M71: /product/modular-storage-rack-flat-shelf-2
A72: MEFRACC04 | B72: Modular Storage Rack Shelf Dual Pipe | C72: Equipment Storage | D72: Yes | F72: Yes | G72: 11 | H72: 151 | I72: 29.5 | J72: 6.5 | K72: =TRIM(IF(F72="No","Features ","")&IF(G72="","Weight ","")&IF(OR(H72="",I72="",J72="")," Dimensions","")) | L72: =IF(OR(G72="",H72="",I72="",J72=""),"No data",IF(AND(G72<=22,MAX(H72:J72)<=105,(H72*I72*J72)/1000000<=0.25),"Yes","Too big")) | M72: /product/modular-storage-rack-shelf-dual-pipe-2
A73: MEFRACC05 | B73: Modular Storage Rack Side (1582mm) | C73: Equipment Storage | D73: Yes | F73: Yes | G73: 20 | H73: 161 | I73: 63 | J73: 6.5 | K73: =TRIM(IF(F73="No","Features ","")&IF(G73="","Weight ","")&IF(OR(H73="",I73="",J73="")," Dimensions","")) | L73: =IF(OR(G73="",H73="",I73="",J73=""),"No data",IF(AND(G73<=22,MAX(H73:J73)<=105,(H73*I73*J73)/1000000<=0.25),"Yes","Too big")) | M73: /product/modular-storage-rack-side-1582mm
A74: MEFRACC06 | B74: Modular Storage Rack - Complete (2/Dual Pipe, 2/Flat Shelf) | C74: Equipment Storage | D74: Yes | F74: Yes | G74: 110 | H74: 159.2 | I74: 62 | J74: 11 | K74: =TRIM(IF(F74="No","Features ","")&IF(G74="","Weight ","")&IF(OR(H74="",I74="",J74="")," Dimensions","")) | L74: =IF(OR(G74="",H74="",I74="",J74=""),"No data",IF(AND(G74<=22,MAX(H74:J74)<=105,(H74*I74*J74)/1000000<=0.25),"Yes","Too big")) | M74: /product/modular-storage-rack-complete-2-dual-pipe-2-flat-shelf
A75: MEFRBB01 | B75: Fixed Barbell Rack (5 Bar) | C75: Equipment Storage | D75: Yes | F75: No | G75: 40 | H75: 134 | I75: 93 | J75: 26 | K75: =TRIM(IF(F75="No","Features ","")&IF(G75="","Weight ","")&IF(OR(H75="",I75="",J75="")," Dimensions","")) | L75: =IF(OR(G75="",H75="",I75="",J75=""),"No data",IF(AND(G75<=22,MAX(H75:J75)<=105,(H75*I75*J75)/1000000<=0.25),"Yes","Too big")) | M75: /product/fixed-barbell-rack-5-bar
A76: MEFRBB02 | B76: Fixed Barbell Rack (10 Bar) 1.0 | C76: Equipment Storage | D76: Yes | F76: Yes | G76: 54 | H76: 139 | I76: 96 | J76: 30 | K76: =TRIM(IF(F76="No","Features ","")&IF(G76="","Weight ","")&IF(OR(H76="",I76="",J76="")," Dimensions","")) | L76: =IF(OR(G76="",H76="",I76="",J76=""),"No data",IF(AND(G76<=22,MAX(H76:J76)<=105,(H76*I76*J76)/1000000<=0.25),"Yes","Too big")) | M76: /product/fixed-barbell-rack-10-bar-1-0
A77: MEFRBB03 | B77: Fixed Barbell Rack (10 Bar) 2.0 | C77: Equipment Storage | D77: Yes | F77: Yes | G77: 54 | H77: 139 | I77: 95 | J77: 30 | K77: =TRIM(IF(F77="No","Features ","")&IF(G77="","Weight ","")&IF(OR(H77="",I77="",J77="")," Dimensions","")) | L77: =IF(OR(G77="",H77="",I77="",J77=""),"No data",IF(AND(G77<=22,MAX(H77:J77)<=105,(H77*I77*J77)/1000000<=0.25),"Yes","Too big")) | M77: /product/fixed-barbell-rack-10-bar-2-0
A78: MEFRBB04 | B78: Barbell Storage Box (9 Bar Holder) | C78: Equipment Storage | D78: Yes | F78: Yes | G78: 26 | H78: 46 | I78: 46 | J78: 26 | K78: =TRIM(IF(F78="No","Features ","")&IF(G78="","Weight ","")&IF(OR(H78="",I78="",J78="")," Dimensions","")) | L78: =IF(OR(G78="",H78="",I78="",J78=""),"No data",IF(AND(G78<=22,MAX(H78:J78)<=105,(H78*I78*J78)/1000000<=0.25),"Yes","Too big")) | M78: /product/barbell-storage-box-9-bar-holder-2
A79: MEFRBB05 | B79: Barbell Storage Box (9 Bar Holder) - Versatile | C79: Equipment Storage | D79: Yes | F79: No | G79: 27 | H79: 46 | I79: 46 | J79: 26 | K79: =TRIM(IF(F79="No","Features ","")&IF(G79="","Weight ","")&IF(OR(H79="",I79="",J79="")," Dimensions","")) | L79: =IF(OR(G79="",H79="",I79="",J79=""),"No data",IF(AND(G79<=22,MAX(H79:J79)<=105,(H79*I79*J79)/1000000<=0.25),"Yes","Too big")) | M79: /product/barbell-storage-box-9-bar-holder-versatile
A80: MEFRBL01 | B80: Medicine Ball Rack - 10 Ball (Double Sided) | C80: Equipment Storage | D80: Yes | F80: No | G80: 14 | H80: 153 | I80: 15 | J80: 15 | K80: =TRIM(IF(F80="No","Features ","")&IF(G80="","Weight ","")&IF(OR(H80="",I80="",J80="")," Dimensions","")) | L80: =IF(OR(G80="",H80="",I80="",J80=""),"No data",IF(AND(G80<=22,MAX(H80:J80)<=105,(H80*I80*J80)/1000000<=0.25),"Yes","Too big")) | M80: /product/medicine-ball-rack-10-ball-double-sided-2
... A113: MFRFRR-GROUP | B113: Impact Lock Rubber Tiles | C113: Flooring | D113: Yes | F113: Yes | G113: 9 | H113: 100 | I113: 100 | J113: 1.2 | K113: =TRIM(IF(F113="No","Features ","")&IF(G113="","Weight ","")&IF(OR(H113="",I113="",J113="")," Dimensions","")) | L113: =IF(OR(G113="",H113="",I113="",J113=""),"No data",IF(AND(G113<=22,MAX(H113:J113)<=105,(H113*I113*J113)/1000000<=0.25),"Yes","Too big")) | M113: /product/impact-lock-rubber-tiles
A114: AMBXG01 | B114: Cotton Inners (Fingerless, 100 Pair) | C114: Mixed Implements | D114: Yes | E114: Yes | F114: No | K114: =TRIM(IF(F114="No","Features ","")&IF(G114="","Weight ","")&IF(OR(H114="",I114="",J114="")," Dimensions","")) | L114: =IF(OR(G114="",H114="",I114="",J114=""),"No data",IF(AND(G114<=22,MAX(H114:J114)<=105,(H114*I114*J114)/1000000<=0.25),"Yes","Too big")) | M114: /product/cotton-inners-fingerless
A115: AMBXPBG03 | B115: Aqua Punching Bag (Black)- 86kg | C115: Mixed Implements | D115: Yes | E115: Yes | F115: No | G115: 7 | H115: 67 | I115: 36 | J115: 22 | K115: =TRIM(IF(F115="No","Features ","")&IF(G115="","Weight ","")&IF(OR(H115="",I115="",J115="")," Dimensions","")) | L115: =IF(OR(G115="",H115="",I115="",J115=""),"No data",IF(AND(G115<=22,MAX(H115:J115)<=105,(H115*I115*J115)/1000000<=0.25),"Yes","Too big")) | M115: /product/aqua-punching-bag-86kg-53cm-d
A116: AMBXSY01 | B116: Focus Pads | C116: Mixed Implements | D116: Yes | E116: Yes | F116: No | K116: =TRIM(IF(F116="No","Features ","")&IF(G116="","Weight ","")&IF(OR(H116="",I116="",J116="")," Dimensions","")) | L116: =IF(OR(G116="",H116="",I116="",J116=""),"No data",IF(AND(G116<=22,MAX(H116:J116)<=105,(H116*I116*J116)/1000000<=0.25),"Yes","Too big")) | M116: /product/focus-pads
A117: AMDBRH | B117: Rubber Hex Dumbbells | C117: Mixed Implements | D117: Yes | E117: Yes | F117: Yes | G117: 11 | K117: =TRIM(IF(F117="No","Features ","")&IF(G117="","Weight ","")&IF(OR(H117="",I117="",J117="")," Dimensions","")) | L117: =IF(OR(G117="",H117="",I117="",J117=""),"No data",IF(AND(G117<=22,MAX(H117:J117)<=105,(H117*I117*J117)/1000000<=0.25),"Yes","Too big")) | M117: /product/rubber-hex-dumbbell-alt-v
A118: AMDEHG | B118: High Grip Dead Ball | C118: Mixed Implements | D118: Yes | E118: Yes | F118: Yes | G118: 13 | H118: 29 | I118: 29 | J118: 29 | K118: =TRIM(IF(F118="No","Features ","")&IF(G118="","Weight ","")&IF(OR(H118="",I118="",J118="")," Dimensions","")) | L118: =IF(OR(G118="",H118="",I118="",J118=""),"No data",IF(AND(G118<=22,MAX(H118:J118)<=105,(H118*I118*J118)/1000000<=0.25),"Yes","Too big")) | M118: /product/high-grip-dead-ball-alt-v
A119: AMKBUR-GROUP | B119: Urethane Competition Kettlebells (Single) | C119: Mixed Implements | D119: Yes | E119: Yes | F119: Yes | G119: 20 | H119: 22 | I119: 22 | J119: 29 | K119: =TRIM(IF(F119="No","Features ","")&IF(G119="","Weight ","")&IF(OR(H119="",I119="",J119="")," Dimensions","")) | L119: =IF(OR(G119="",H119="",I119="",J119=""),"No data",IF(AND(G119<=22,MAX(H119:J119)<=105,(H119*I119*J119)/1000000<=0.25),"Yes","Too big")) | M119: /product/urethane-competition-kettlebells-single
A120: MMBRNC01 | B120: Battle Rope - 12m | C120: Mixed Implements | D120: Yes | F120: No | G120: 12 | H120: 70 | I120: 25 | J120: 15 | K120: =TRIM(IF(F120="No","Features ","")&IF(G120="","Weight ","")&IF(OR(H120="",I120="",J120="")," Dimensions","")) | L120: =IF(OR(G120="",H120="",I120="",J120=""),"No data",IF(AND(G120<=22,MAX(H120:J120)<=105,(H120*I120*J120)/1000000<=0.25),"Yes","Too big")) | M120: /product/battle-rope-12m
A121: MMBXPBG05 | B121: Aqua Punching Bag - 86kg (53cm D) | C121: Mixed Implements | D121: Yes | F121: Yes | G121: 7 | H121: 67 | I121: 36 | J121: 22 | K121: =TRIM(IF(F121="No","Features ","")&IF(G121="","Weight ","")&IF(OR(H121="",I121="",J121="")," Dimensions","")) | L121: =IF(OR(G121="",H121="",I121="",J121=""),"No data",IF(AND(G121<=22,MAX(H121:J121)<=105,(H121*I121*J121)/1000000<=0.25),"Yes","Too big")) | M121: /product/aqua-punching-bag-86kg-53cm-d-2
A122: MMDBPRH-GROUP | B122: Premium Rubber Hex Dumbbell | C122: Mixed Implements | D122: Yes | F122: Yes | G122: 11 | I122: 14 | J122: 12.5 | K122: =TRIM(IF(F122="No","Features ","")&IF(G122="","Weight ","")&IF(OR(H122="",I122="",J122="")," Dimensions","")) | L122: =IF(OR(G122="",H122="",I122="",J122=""),"No data",IF(AND(G122<=22,MAX(H122:J122)<=105,(H122*I122*J122)/1000000<=0.25),"Yes","Too big")) | M122: /product/premium-rubber-hex-dumbbell-3
A123: MMDBRH-GROUP | B123: Rubber Hex Dumbbells | C123: Mixed Implements | D123: Yes | F123: Yes | K123: =TRIM(IF(F123="No","Features ","")&IF(G123="","Weight ","")&IF(OR(H123="",I123="",J123="")," Dimensions","")) | L123: =IF(OR(G123="",H123="",I123="",J123=""),"No data",IF(AND(G123<=22,MAX(H123:J123)<=105,(H123*I123*J123)/1000000<=0.25),"Yes","Too big")) | M123: /product/rubber-hex-dumbbell-group
A124: MMDBUR-GROUP | B124: Urethane Fixed Dumbbells | C124: Mixed Implements | D124: Yes | F124: Yes | G124: 11 | H124: 25 | I124: 16.3 | J124: 16.3 | K124: =TRIM(IF(F124="No","Features ","")&IF(G124="","Weight ","")&IF(OR(H124="",I124="",J124="")," Dimensions","")) | L124: =IF(OR(G124="",H124="",I124="",J124=""),"No data",IF(AND(G124<=22,MAX(H124:J124)<=105,(H124*I124*J124)/1000000<=0.25),"Yes","Too big")) | M124: /product/urethane-fixed-dumbbells-2
A125: MMDBVR-GROUP | B125: Virgin Rubber Fixed Dumbbells | C125: Mixed Implements | D125: Yes | F125: Yes | G125: 11 | H125: 25 | I125: 16.3 | J125: 16.3 | K125: =TRIM(IF(F125="No","Features ","")&IF(G125="","Weight ","")&IF(OR(H125="",I125="",J125="")," Dimensions","")) | L125: =IF(OR(G125="",H125="",I125="",J125=""),"No data",IF(AND(G125<=22,MAX(H125:J125)<=105,(H125*I125*J125)/1000000<=0.25),"Yes","Too big")) | M125: /product/virgin-rubber-fixed-dumbbells
A126: MMDEHG-GROUP | B126: High Grip Dead Ball | C126: Mixed Implements | D126: Yes | F126: Yes | G126: 13 | H126: 29 | I126: 29 | J126: 29 | K126: =TRIM(IF(F126="No","Features ","")&IF(G126="","Weight ","")&IF(OR(H126="",I126="",J126="")," Dimensions","")) | L126: =IF(OR(G126="",H126="",I126="",J126=""),"No data",IF(AND(G126<=22,MAX(H126:J126)<=105,(H126*I126*J126)/1000000<=0.25),"Yes","Too big")) | M126: /product/high-grip-dead-ball-4
A127: MMDESH-GROUP | B127: Dead Balls | C127: Mixed Implements | D127: Yes | F127: Yes | G127: 13 | H127: 26 | I127: 26 | J127: 26 | K127: =TRIM(IF(F127="No","Features ","")&IF(G127="","Weight ","")&IF(OR(H127="",I127="",J127="")," Dimensions","")) | L127: =IF(OR(G127="",H127="",I127="",J127=""),"No data",IF(AND(G127<=22,MAX(H127:J127)<=105,(H127*I127*J127)/1000000<=0.25),"Yes","Too big")) | M127: /product/dead-ball-2
A128: MMFWTL01 | B128: Farmers Walk Handles (Pair) | C128: Mixed Implements | D128: Yes | F128: Yes | G128: 26 | H128: 182 | I128: 13 | J128: 23 | K128: =TRIM(IF(F128="No","Features ","")&IF(G128="","Weight ","")&IF(OR(H128="",I128="",J128="")," Dimensions","")) | L128: =IF(OR(G128="",H128="",I128="",J128=""),"No data",IF(AND(G128<=22,MAX(H128:J128)<=105,(H128*I128*J128)/1000000<=0.25),"Yes","Too big")) | M128: /product/farmers-walk-handles-pair
A129: MMGFACC01 | B129: Digital Interval Timer | C129: Mixed Implements | D129: Yes | F129: Yes | G129: 4 | H129: 87 | I129: 17 | J129: 6 | K129: =TRIM(IF(F129="No","Features ","")&IF(G129="","Weight ","")&IF(OR(H129="",I129="",J129="")," Dimensions","")) | L129: =IF(OR(G129="",H129="",I129="",J129=""),"No data",IF(AND(G129<=22,MAX(H129:J129)<=105,(H129*I129*J129)/1000000<=0.25),"Yes","Too big")) | M129: /product/digital-interval-timer
A130: MMGFPS01 | B130: Group Fitness Barbell Set - Collars (Pair) | C130: Mixed Implements | D130: Yes | F130: No | G130: 1 | H130: 4 | I130: 4 | J130: 2.5 | K130: =TRIM(IF(F130="No","Features ","")&IF(G130="","Weight ","")&IF(OR(H130="",I130="",J130="")," Dimensions","")) | L130: =IF(OR(G130="",H130="",I130="",J130=""),"No data",IF(AND(G130<=22,MAX(H130:J130)<=105,(H130*I130*J130)/1000000<=0.25),"Yes","Too big")) | M130: /product/group-fitness-barbell-set-collars-pair
A131: MMGFPS02 | B131: Group Fitness Barbell Set - 37.5kg | C131: Mixed Implements | D131: Yes | F131: No | G131: 39 | H131: 52 | I131: 26 | J131: 15.5 | K131: =TRIM(IF(F131="No","Features ","")&IF(G131="","Weight ","")&IF(OR(H131="",I131="",J131="")," Dimensions","")) | L131: =IF(OR(G131="",H131="",I131="",J131=""),"No data",IF(AND(G131<=22,MAX(H131:J131)<=105,(H131*I131*J131)/1000000<=0.25),"Yes","Too big")) | M131: /product/group-fitness-barbell-set-37-5kg
A132: MMGFPS03 | B132: Group Fitness Barbell Set - 17.5kg | C132: Mixed Implements | D132: Yes | F132: Yes | G132: 19 | H132: 52 | I132: 26 | J132: 15.5 | K132: =TRIM(IF(F132="No","Features ","")&IF(G132="","Weight ","")&IF(OR(H132="",I132="",J132="")," Dimensions","")) | L132: =IF(OR(G132="",H132="",I132="",J132=""),"No data",IF(AND(G132<=22,MAX(H132:J132)<=105,(H132*I132*J132)/1000000<=0.25),"Yes","Too big")) | M132: /product/group-fitness-barbell-set-17-5kg
A133: MMKBPGC-GROUP | B133: Competition Kettlebells | C133: Mixed Implements | D133: Yes | F133: Yes | K133: =TRIM(IF(F133="No","Features ","")&IF(G133="","Weight ","")&IF(OR(H133="",I133="",J133="")," Dimensions","")) | L133: =IF(OR(G133="",H133="",I133="",J133=""),"No data",IF(AND(G133<=22,MAX(H133:J133)<=105,(H133*I133*J133)/1000000<=0.25),"Yes","Too big")) | M133: /product/competition-kettlebells
A134: MMKBUR-GROUP | B134: Urethane Competition Kettlebells (Single) | C134: Mixed Implements | D134: Yes | F134: Yes | G134: 11 | H134: 22 | I134: 22 | J134: 29 | K134: =TRIM(IF(F134="No","Features ","")&IF(G134="","Weight ","")&IF(OR(H134="",I134="",J134="")," Dimensions","")) | L134: =IF(OR(G134="",H134="",I134="",J134=""),"No data",IF(AND(G134<=22,MAX(H134:J134)<=105,(H134*I134*J134)/1000000<=0.25),"Yes","Too big")) | M134: /product/urethane-competition-kettlebell-3
A135: MMMBPR-GROUP | B135: Medicine Ball | C135: Mixed Implements | D135: Yes | F135: Yes | G135: 11 | H135: 31.5 | I135: 31.5 | J135: 31.5 | K135: =TRIM(IF(F135="No","Features ","")&IF(G135="","Weight ","")&IF(OR(H135="",I135="",J135="")," Dimensions","")) | L135: =IF(OR(G135="",H135="",I135="",J135=""),"No data",IF(AND(G135<=22,MAX(H135:J135)<=105,(H135*I135*J135)/1000000<=0.25),"Yes","Too big")) | M135: /product/medicine-ball-2
A136: MMPWPBG-GROUP | B136: Power Bag | C136: Mixed Implements | D136: Yes | F136: Yes | G136: 11 | H136: 54 | I136: 22.5 | J136: 22.5 | K136: =TRIM(IF(F136="No","Features ","")&IF(G136="","Weight ","")&IF(OR(H136="",I136="",J136="")," Dimensions","")) | L136: =IF(OR(G136="",H136="",I136="",J136=""),"No data",IF(AND(G136<=22,MAX(H136:J136)<=105,(H136*I136*J136)/1000000<=0.25),"Yes","Too big")) | M136: /product/power-bag-2
A137: MMPWPBG05 | B137: Aqua Bag - 35kg | C137: Mixed Implements | D137: Yes | F137: No | G137: 5 | H137: 20 | I137: 20 | J137: 20 | K137: =TRIM(IF(F137="No","Features ","")&IF(G137="","Weight ","")&IF(OR(H137="",I137="",J137="")," Dimensions","")) | L137: =IF(OR(G137="",H137="",I137="",J137=""),"No data",IF(AND(G137<=22,MAX(H137:J137)<=105,(H137*I137*J137)/1000000<=0.25),"Yes","Too big")) | M137: /product/aqua-bag-35kg
A138: MMSLSD01 | B138: Push &amp; Pull Sled | C138: Mixed Implements | D138: Yes | F138: No | G138: 37 | H138: 94.5 | I138: 67 | J138: 19 | K138: =TRIM(IF(F138="No","Features ","")&IF(G138="","Weight ","")&IF(OR(H138="",I138="",J138="")," Dimensions","")) | L138: =IF(OR(G138="",H138="",I138="",J138=""),"No data",IF(AND(G138<=22,MAX(H138:J138)<=105,(H138*I138*J138)/1000000<=0.25),"Yes","Too big")) | M138: /product/push-pull-sled
A139: MMWAARM-GROUP | B139: Wall Ball | C139: Mixed Implements | D139: Yes | F139: Yes | G139: 7 | H139: 36.6 | I139: 36.6 | J139: 36.6 | K139: =TRIM(IF(F139="No","Features ","")&IF(G139="","Weight ","")&IF(OR(H139="",I139="",J139="")," Dimensions","")) | L139: =IF(OR(G139="",H139="",I139="",J139=""),"No data",IF(AND(G139<=22,MAX(H139:J139)<=105,(H139*I139*J139)/1000000<=0.25),"Yes","Too big")) | M139: /product/wall-ball-3
A140: MMPA25001 | B140: Competition Kettlebells (Set of 12) - 250kg & Rack | C140: Packages | D140: Yes | F140: Yes | G140: 300 | H140: 63 | I140: 42 | J140: 56 | K140: =TRIM(IF(F140="No","Features ","")&IF(G140="","Weight ","")&IF(OR(H140="",I140="",J140="")," Dimensions","")) | L140: =IF(OR(G140="",H140="",I140="",J140=""),"No data",IF(AND(G140<=22,MAX(H140:J140)<=105,(H140*I140*J140)/1000000<=0.25),"Yes","Too big")) | M140: /product/competition-kettlebells-set-of-12-250kg-rack
A141: MMPA3601 | B141: Competition Kettlebells (Set of 3) - 36kg | C141: Packages | D141: Yes | F141: Yes | G141: 38 | H141: 69 | I141: 23 | J141: 31 | K141: =TRIM(IF(F141="No","Features ","")&IF(G141="","Weight ","")&IF(OR(H141="",I141="",J141="")," Dimensions","")) | L141: =IF(OR(G141="",H141="",I141="",J141=""),"No data",IF(AND(G141<=22,MAX(H141:J141)<=105,(H141*I141*J141)/1000000<=0.25),"Yes","Too big")) | M141: /product/competition-kettlebells-set-of-3-36kg
A142: MMPA4BG01 | B142: Power Bags (Set of 4) - 70kg | C142: Packages | D142: Yes | F142: Yes | G142: 74 | H142: 65 | I142: 24 | J142: 24 | K142: =TRIM(IF(F142="No","Features ","")&IF(G142="","Weight ","")&IF(OR(H142="",I142="",J142="")," Dimensions","")) | L142: =IF(OR(G142="",H142="",I142="",J142=""),"No data",IF(AND(G142<=22,MAX(H142:J142)<=105,(H142*I142*J142)/1000000<=0.25),"Yes","Too big")) | M142: /product/power-bags-set-of-4-70kg
A143: MMPA5BL01 | B143: Dead Balls (Set of 5) - 81kg | C143: Packages | D143: Yes | F143: Yes | G143: 86 | H143: 130 | I143: 29 | J143: 29 | K143: =TRIM(IF(F143="No","Features ","")&IF(G143="","Weight ","")&IF(OR(H143="",I143="",J143="")," Dimensions","")) | L143: =IF(OR(G143="",H143="",I143="",J143=""),"No data",IF(AND(G143<=22,MAX(H143:J143)<=105,(H143*I143*J143)/1000000<=0.25),"Yes","Too big")) | M143: /product/dead-balls-set-of-5-81kg
A144: MMPA5BL02 | B144: Medicine Balls (Set of 5) - 30kg | C144: Packages | D144: Yes | F144: Yes | G144: 35 | H144: 130 | I144: 32 | J144: 32 | K144: =TRIM(IF(F144="No","Features ","")&IF(G144="","Weight ","")&IF(OR(H144="",I144="",J144="")," Dimensions","")) | L144: =IF(OR(G144="",H144="",I144="",J144=""),"No data",IF(AND(G144<=22,MAX(H144:J144)<=105,(H144*I144*J144)/1000000<=0.25),"Yes","Too big")) | M144: /product/medicine-balls-set-of-5-30kg
A145: MMPA7201 | B145: Competition Kettlebells (Set of 3) - 72kg | C145: Packages | D145: Yes | F145: Yes | G145: 74 | H145: 69 | I145: 23 | J145: 31 | K145: =TRIM(IF(F145="No","Features ","")&IF(G145="","Weight ","")&IF(OR(H145="",I145="",J145="")," Dimensions","")) | L145: =IF(OR(G145="",H145="",I145="",J145=""),"No data",IF(AND(G145<=22,MAX(H145:J145)<=105,(H145*I145*J145)/1000000<=0.25),"Yes","Too big")) | M145: /product/competition-kettlebells-set-of-3-72kg
... A150: MMPAPS02 | B150: Group Fitness Barbell Sets - 375kg & Rack | C150: Packages | D150: Yes | F150: Yes | G150: 408 | H150: 52 | I150: 26 | J150: 15.5 | K150: =TRIM(IF(F150="No","Features ","")&IF(G150="","Weight ","")&IF(OR(H150="",I150="",J150="")," Dimensions","")) | L150: =IF(OR(G150="",H150="",I150="",J150=""),"No data",IF(AND(G150<=22,MAX(H150:J150)<=105,(H150*I150*J150)/1000000<=0.25),"Yes","Too big")) | M150: /product/group-fitness-barbell-sets-375kg-rack
A151: MWPA10001 | B151: Coloured Bumper Plates (Set of 8) - 100kg | C151: Packages | D151: Yes | F151: No | K151: =TRIM(IF(F151="No","Features ","")&IF(G151="","Weight ","")&IF(OR(H151="",I151="",J151="")," Dimensions","")) | L151: =IF(OR(G151="",H151="",I151="",J151=""),"No data",IF(AND(G151<=22,MAX(H151:J151)<=105,(H151*I151*J151)/1000000<=0.25),"Yes","Too big")) | M151: /product/coloured-bumper-plates-set-of-8-100kg
A152: MWPA10002 | B152: Competition Bumper Plates (Set of 8) - 100kg | C152: Packages | D152: Yes | F152: No | K152: =TRIM(IF(F152="No","Features ","")&IF(G152="","Weight ","")&IF(OR(H152="",I152="",J152="")," Dimensions","")) | L152: =IF(OR(G152="",H152="",I152="",J152=""),"No data",IF(AND(G152<=22,MAX(H152:J152)<=105,(H152*I152*J152)/1000000<=0.25),"Yes","Too big")) | M152: /product/competition-bumper-plates-set-of-8-100kg
A153: MWPA10003 | B153: Olympic Premium Rubber Weight Plates (3 Grip) (Set of 8) - 100kg | C153: Packages | D153: Yes | F153: No | K153: =TRIM(IF(F153="No","Features ","")&IF(G153="","Weight ","")&IF(OR(H153="",I153="",J153="")," Dimensions","")) | L153: =IF(OR(G153="",H153="",I153="",J153=""),"No data",IF(AND(G153<=22,MAX(H153:J153)<=105,(H153*I153*J153)/1000000<=0.25),"Yes","Too big")) | M153: /product/olympic-premium-rubber-weight-plates-3-grip-set-of-8-100kg
A154: MWPA14001 | B154: Coloured Bumper Plates (Set of 8) & 2.5kg Change Plates - 145kg | C154: Packages | D154: Yes | F154: No | K154: =TRIM(IF(F154="No","Features ","")&IF(G154="","Weight ","")&IF(OR(H154="",I154="",J154="")," Dimensions","")) | L154: =IF(OR(G154="",H154="",I154="",J154=""),"No data",IF(AND(G154<=22,MAX(H154:J154)<=105,(H154*I154*J154)/1000000<=0.25),"Yes","Too big")) | M154: /product/coloured-bumper-plates-set-of-8-2-5kg-change-plates-145kg
A155: MWPA14002 | B155: Competition Bumper Plates (Set of 8) - 140kg | C155: Packages | D155: Yes | F155: No | K155: =TRIM(IF(F155="No","Features ","")&IF(G155="","Weight ","")&IF(OR(H155="",I155="",J155="")," Dimensions","")) | L155: =IF(OR(G155="",H155="",I155="",J155=""),"No data",IF(AND(G155<=22,MAX(H155:J155)<=105,(H155*I155*J155)/1000000<=0.25),"Yes","Too big")) | M155: /product/competition-bumper-plates-set-of-8-140kg
A156: MWPA15001 | B156: Coloured Bumper Plates (Set of 10) - 150kg | C156: Packages | D156: Yes | F156: No | K156: =TRIM(IF(F156="No","Features ","")&IF(G156="","Weight ","")&IF(OR(H156="",I156="",J156="")," Dimensions","")) | L156: =IF(OR(G156="",H156="",I156="",J156=""),"No data",IF(AND(G156<=22,MAX(H156:J156)<=105,(H156*I156*J156)/1000000<=0.25),"Yes","Too big")) | M156: /product/coloured-bumper-plates-set-of-10-150kg
A157: MWPA15002 | B157: Competition Bumper Plates (Set of 10) - 150kg | C157: Packages | D157: Yes | F157: No | K157: =TRIM(IF(F157="No","Features ","")&IF(G157="","Weight ","")&IF(OR(H157="",I157="",J157="")," Dimensions","")) | L157: =IF(OR(G157="",H157="",I157="",J157=""),"No data",IF(AND(G157<=22,MAX(H157:J157)<=105,(H157*I157*J157)/1000000<=0.25),"Yes","Too big")) | M157: /product/competition-bumper-plates-set-of-10-150kg
A158: MWPA15003 | B158: Olympic Premium Rubber Weight Plates (3 Grip) (Set of 10) - 150kg | C158: Packages | D158: Yes | F158: No | K158: =TRIM(IF(F158="No","Features ","")&IF(G158="","Weight ","")&IF(OR(H158="",I158="",J158="")," Dimensions","")) | L158: =IF(OR(G158="",H158="",I158="",J158=""),"No data",IF(AND(G158<=22,MAX(H158:J158)<=105,(H158*I158*J158)/1000000<=0.25),"Yes","Too big")) | M158: /product/olympic-premium-rubber-weight-plates-3-grip-set-of-10-150kg
...
